ticker,sector,revenue,ebitda,net_income,total_assets,total_equity,total_debt,total_cash,free_cashflow,operating_cashflow,target_market_cap
MMM,Industrials,24824999936,6160999936.0,3400999936,39868000000.0,3842000000.0,13659000000.0,5600000000.0,-489875008.0,2540999936,91638939648
AOS,Industrials,3830099968,784300032.0,530500000,3240000000.0,1883500000.0,216700000.0,239600000.0,454037504.0,655600000,9245750272
ABT,Healthcare,43842998272,11747000320.0,13925999616,81414000000.0,47664000000.0,15021000000.0,7616000000.0,6067874816.0,9118999552,224345161728
ABBV,Healthcare,59643998208,29518999552.0,2348000000,135161000000.0,3325000000.0,67144000000.0,5524000000.0,20799000576.0,20860000256,402433474560
ACN,Technology,69672976384,12222531584.0,7678432768,65394897000.0,31195446000.0,8182866000.0,11478729000.0,10477106176.0,11474399232,155713175552
ADBE,Technology,23181000704,9059999744.0,6957000192,30230000000.0,14105000000.0,6056000000.0,7613000000.0,8503625216.0,9792000000,135799144448
AMD,Technology,32027000832,6054000128.0,3131000064,69226000000.0,57568000000.0,2212000000.0,3787000000.0,3245499904.0,6408000000,354147893248
AES,Utilities,12094000128,3206000128.0,1079000064,47406000000.0,3644000000.0,29018000000.0,1524000000.0,-3689874944.0,3905999872,10012421120
AFL,Financial Services,17700999168,5358000128.0,4168999936,117566000000.0,26098000000.0,7498000000.0,6229000000.0,6489999872.0,2572999936,58997260288
A,Healthcare,6947999744,1767000064.0,1303000064,11846000000.0,5898000000.0,3390000000.0,1329000000.0,923374976.0,1559000064,43517313024
APD,Basic Materials,12037300224,751600000.0,-386500000,41059500000.0,15024900000.0,18406200000.0,1856000000.0,-6595550208.0,3256800000,58107179008
ABNB,Consumer Cyclical,11943000064,2760999936.0,2631000064,20959000000.0,8412000000.0,2294000000.0,6864000000.0,3233625088.0,4585999872,71625449472
AKAM,Technology,4133201920,1173728000.0,506864000,10368785000.0,4878357000.0,4634605000.0,517707000.0,565246016.0,1495969024,12878815232
ALB,Basic Materials,4946415104,696873984.0,-187907008,16609649000.0,9961517000.0,3615679000.0,1192230000.0,-155030256.0,903595008,15299503104
ARE,Real Estate,3058394880,1958758016.0,-421068992,37527449000.0,17889042000.0,12751501000.0,552146000.0,1430852992.0,1375846016,9275520000
ALGN,Healthcare,3982621952,810888000.0,378398016,6214600000.0,3851985000.0,119277000.0,1043887000.0,588808768.0,656124032,10669268992
ALLE,Industrials,3979699968,961600000.0,640400000,4487800000.0,1500700000.0,1999500000.0,503800000.0,512487488.0,762700032,14283884544
LNT,Utilities,4273999872,1864999936.0,818000000,22714000000.0,7004000000.0,10406000000.0,81000000.0,-1113874944.0,1154000000,17857519616
ALL,Financial Services,66845999104,10065000448.0,8261000192,111617000000.0,21442000000.0,8085000000.0,704000000.0,6504249856.0,8826000384,56121364480
GOOGL,Communication Services,385476001792,145174003712.0,124250996736,450256000000.0,325084000000.0,25461000000.0,23466000000.0,47997751296.0,151424008192,3878058983424
GOOG,Communication Services,385476001792,145174003712.0,124250996736,450256000000.0,325084000000.0,25461000000.0,23466000000.0,47997751296.0,151424008192,3864435359744
MO,Consumer Defensive,20166000640,12608000000.0,8844000256,35177000000.0,-2238000000.0,24926000000.0,3127000000.0,7409124864.0,9358999552,99130359808
AMZN,Consumer Cyclical,691330023424,139696996352.0,76482002944,624894000000.0,285970000000.0,130900000000.0,78779000000.0,26080000000.0,130690998272,2493172154368
AMCR,Consumer Cyclical,17400999936,2472999936.0,582000000,37066000000.0,11728000000.0,15008000000.0,827000000.0,399375008.0,1526000000,19667228672
AEE,Utilities,8634999808,3544999936.0,1411000064,44598000000.0,12114000000.0,18722000000.0,7000000.0,-2117750016.0,3214000128,28767133696
AEP,Utilities,21257000960,8757300224.0,3662099968,103078000000.0,26943800000.0,45762800000.0,202900000.0,-4280337408.0,6858200064,66249822208
AXP,Financial Services,65294000128,,10410999808,271461000000.0,30264000000.0,51089000000.0,40552000000.0,,21138999296,254184898560
AIG,Financial Services,27120001024,8314999808.0,3304999936,161322000000.0,42521000000.0,8922000000.0,1302000000.0,9084624896.0,2803000064,42192932864
AMT,Real Estate,10454700032,6728300032.0,2938400000,61077400000.0,3382200000.0,43954100000.0,1999600000.0,4248437504.0,5235500032,84860944384
AWK,Utilities,5070000128,2760999936.0,1112000000,32830000000.0,10332000000.0,14110000000.0,96000000.0,-1447250048.0,2035000064,25379723264
AMP,Financial Services,18513000448,,3625999872,181403000000.0,5228000000.0,5472000000.0,8522000000.0,2837250048.0,6037000192,42963324928
AME,Industrials,7164270080,2267057920.0,1468797952,14631169000.0,9655304000.0,2134457000.0,373999000.0,1368788736.0,1767515008,45703479296
AMGN,Healthcare,35970998272,16481000448.0,7005000192,91839000000.0,5877000000.0,60099000000.0,11973000000.0,11408624640.0,13125999616,186023510016
APH,Technology,20973500416,6062700032.0,3820999936,21440200000.0,9792000000.0,6886100000.0,3317000000.0,2328112384.0,4499599872,172469420032
ADI,Technology,11019707392,4994371072.0,2267342080,47992712000.0,33815755000.0,8664610000.0,2499406000.0,3904020224.0,4812201984,129924816896
AON,Financial Services,17027999744,5432000000.0,2718000128,48965000000.0,6121000000.0,17892000000.0,1085000000.0,1896499968.0,3284000000,76314566656
APA,Energy,9376000000,5831000064.0,1508999936,19390000000.0,5280000000.0,6162000000.0,625000000.0,3169250048.0,4773000192,8933927936
APO,Financial Services,27217000448,,4064000000,377895000000.0,17253000000.0,10588000000.0,16166000000.0,,2572999936,76528721920
AAPL,Technology,416161005568,144748003328.0,112010002432,359241000000.0,73733000000.0,98657000000.0,35934000000.0,78862254080.0,111482003456,4138242670592
AMAT,Technology,28367998976,8904999936.0,6998000128,34409000000.0,19001000000.0,6606000000.0,8022000000.0,3726625024.0,7958000128,200953053184
APTV,Consumer Cyclical,20152000512,3207000064.0,295000000,23458000000.0,8796000000.0,8888000000.0,1573000000.0,1664000000.0,2427000064,16887273472
ACGL,Financial Services,19542999040,5011999744.0,4056000000,70906000000.0,20820000000.0,2728000000.0,979000000.0,6687499776.0,6341000192,35052847104
ADM,Consumer Defensive,83211001856,2519000064.0,1188999936,53271000000.0,22168000000.0,11538000000.0,611000000.0,2467624960.0,6087000064,29189806080
ANET,Technology,8448346112,3671173888.0,3356553984,14043921000.0,9994807000.0,,2762357000.0,3268608000.0,4140934912,164563369984
AJG,Financial Services,12078600192,3440999936.0,1601200000,64255200000.0,20153500000.0,13485200000.0,14987300000.0,820150016.0,1916300032,63590051840
AIZ,Financial Services,12568699904,1410700032.0,848800000,35020600000.0,5106700000.0,2083100000.0,1807700000.0,988275008.0,1265699968,11512773632
T,Communication Services,124479995904,44331999232.0,22168000512,394795000000.0,104372000000.0,140923000000.0,3298000000.0,10321250304.0,40860000256,184467472384
ATO,Utilities,4702754816,2322277888.0,1198267008,28249522000.0,13558890000.0,9303506000.0,202687000.0,-1818661632.0,2049456000,28517855232
ADSK,Technology,6888000000,1772000000.0,1111000064,10833000000.0,2621000000.0,2559000000.0,1599000000.0,2541374976.0,2155000064,64611418112
ADP,Technology,20903399424,6093100032.0,4136399872,53369300000.0,6188000000.0,9065400000.0,3347800000.0,4415287296.0,4757600256,103419355136
AZO,Consumer Cyclical,18938716160,4223354880.0,2498246912,19355324000.0,-3414313000.0,12288796000.0,271803000.0,1087323008.0,3117337088,65898909696
AVB,Real Estate,3065607936,1868945024.0,1166467968,21000737000.0,11941092000.0,8250531000.0,108576000.0,1317851776.0,1599486976,25905168384
AVY,Consumer Cyclical,8769999872,1436099968.0,695600000,8404200000.0,2312300000.0,3152200000.0,329100000.0,666062528.0,855800000,13323406336
AXON,Industrials,2557957120,71199000.0,257095008,4474588000.0,2327665000.0,721672000.0,454844000.0,248673872.0,244270000,42622697472
BKR,Energy,27711000576,4697999872.0,2891000064,38363000000.0,16895000000.0,6023000000.0,3364000000.0,790000000.0,3337999872,49536049152
BALL,Consumer Cyclical,12693999616,1976000000.0,712000000,17628000000.0,5862000000.0,5673000000.0,885000000.0,128125000.0,551000000,13479534592
BAC,Financial Services,101445001216,,28253999104,3261519000000.0,295559000000.0,326670000000.0,296486000000.0,,61471997952,397382746112
BAX,Healthcare,11022999552,2074000000.0,-355000000,25782000000.0,6964000000.0,13449000000.0,1764000000.0,2620375040.0,749000000,9633405952
BDX,Healthcare,21839998976,6222000128.0,1678000000,55325000000.0,25390000000.0,19181000000.0,641000000.0,3604875008.0,3430000128,55611461632
BRK-B,Financial Services,372127989760,103864000512.0,67463000064,1153881000000.0,649368000000.0,124762000000.0,47729000000.0,48615874560.0,39397998592,1108460175360
BBY,Consumer Cyclical,41825001472,2607000064.0,645000000,14782000000.0,2808000000.0,4053000000.0,1578000000.0,982249984.0,2220999936,16755565568
TECH,Healthcare,1216732032,318480992.0,77948000,2557868000.0,1918808000.0,444058000.0,162186000.0,274297504.0,251252000,10051477504
BIIB,Healthcare,10065899520,3409299968.0,1608499968,28049300000.0,16716000000.0,6630300000.0,2375000000.0,2137600000.0,2453600000,26713016320
BLK,Financial Services,22884999168,9027000320.0,6096000000,138615000000.0,47495000000.0,14222000000.0,12762000000.0,6554749952.0,4268000000,162489565184
BX,Financial Services,12791218176,,2707886080,43469875000.0,8212321000.0,12286698000.0,1972140000.0,,3756771072,179665944576
XYZ,Technology,23973765120,1669601024.0,3135894016,36777595000.0,21267932000.0,7918613000.0,12258119000.0,241061248.0,1972514048,40720211968
BK,Financial Services,19733999616,,5008999936,416064000000.0,41318000000.0,31380000000.0,101937000000.0,,3095000064,79057494016
BA,Industrials,80756998144,-6153999872.0,-10167000064,156363000000.0,-3908000000.0,54188000000.0,13801000000.0,-4762874880.0,-3716000000,143658041344
BKNG,Consumer Cyclical,26038999040,9818999808.0,5043999744,27708000000.0,-4020000000.0,17081000000.0,16164000000.0,6635874816.0,8640000000,159284543488
BSX,Healthcare,19349000192,5071000064.0,2791000064,39395000000.0,21770000000.0,11147000000.0,414000000.0,3065125120.0,4625999872,150586458112
BMY,Healthcare,48034000896,19217000448.0,6039000064,92603000000.0,16335000000.0,51200000000.0,10346000000.0,14718374912.0,16620999680,100159053824
AVGO,Technology,59925999616,32746000384.0,18812999680,165645000000.0,67678000000.0,67566000000.0,9348000000.0,23096750080.0,25437999104,1902924136448
BR,Technology,7055600128,1743699968.0,925100032,8545000000.0,2655200000.0,3459000000.0,561500000.0,1151874944.0,1339100032,26624389120
BRO,Financial Services,5350000128,1768000000.0,989000000,17612000000.0,6420000000.0,4060000000.0,675000000.0,1150249984.0,1367000064,27460474880
BF-B,Consumer Defensive,3948000000,1212999936.0,844000000,8086000000.0,3993000000.0,2733000000.0,444000000.0,553875008.0,741000000,13714485248
BLDR,Industrials,15653056512,1601420032.0,593963008,10583086000.0,4296470000.0,4332825000.0,153624000.0,764492224.0,1394555008,12410459136
BG,Consumer Defensive,60109000704,2084000000.0,1326000000,24899000000.0,9913000000.0,7119000000.0,3311000000.0,-7760625152.0,550000000,19219957760
BXP,Real Estate,3425025024,1903377024.0,-200404000,26084980000.0,5422841000.0,16984070000.0,1254882000.0,981971648.0,1221150976,12800234496
CHRW,Industrials,16504784896,871163008.0,600065984,5297926000.0,1722051000.0,1741132000.0,145762000.0,741496256.0,877035008,18768451584
CDNS,Technology,5212625920,1882690944.0,1060961984,8974482000.0,4673578000.0,2585076000.0,2644030000.0,1384099840.0,1616644992,84973273088
CZR,Consumer Cyclical,11368999936,3467000064.0,-241000000,32590000000.0,4157000000.0,25062000000.0,866000000.0,757374976.0,1307000064,4839963136
CPT,Real Estate,1578428032,892785984.0,268553984,8852144000.0,4675198000.0,3485591000.0,21045000.0,727876608.0,782163968,11362718720
CPB,Consumer Defensive,10252999680,1890000000.0,602000000,14896000000.0,3902000000.0,7212000000.0,132000000.0,718875008.0,1131000064,9082811392
COF,Financial Services,28885999616,,1151000064,490144000000.0,60784000000.0,44989000000.0,43230000000.0,,22335000576,140099059712
CAH,Healthcare,234309992448,3544000000.0,1595000064,53122000000.0,-2781000000.0,8527000000.0,3874000000.0,4700624896.0,5016999936,50431922176
KMX,Consumer Cyclical,28279818240,1127292032.0,521065984,27404206000.0,6242988000.0,19221977000.0,246960000.0,-429718112.0,1208061952,5801789440
CCL,Consumer Cyclical,26229999616,6976999936.0,2640999936,49057000000.0,9252000000.0,28876000000.0,1210000000.0,1938625024.0,5610999808,34954641408
CARR,Industrials,22058000384,3649999872.0,1379000064,37403000000.0,14081000000.0,12710000000.0,3969000000.0,2499749888.0,1604999936,46704136192
CAT,Industrials,64670998528,13957999616.0,9272999936,87764000000.0,19491000000.0,38409000000.0,6889000000.0,6289375232.0,11541000192,269731430400
CBOE,Financial Services,4617800192,1496999936.0,978200000,7789100000.0,4279600000.0,1599300000.0,920300000.0,987800000.0,690099968,27016075264
CBRE,Real Estate,39324999680,2648999936.0,1228000000,24383000000.0,8411000000.0,5694000000.0,1114000000.0,1347250048.0,1678000000,48159473664
CDW,Technology,22099099648,1955900032.0,1051299968,14678400000.0,2352700000.0,5991900000.0,503500000.0,921887488.0,1116700032,18901579776
COR,Healthcare,321332805632,4805065216.0,1554168960,76590112000.0,1508019000.0,7660773000.0,4356138000.0,3283074560.0,3875120128,71569997824
CNC,Healthcare,167680000000,3902000128.0,-5289999872,82445000000.0,26410000000.0,19429000000.0,14063000000.0,4424000000.0,4064000000,19336318976
CNP,Utilities,9114000384,3432000000.0,1036000000,43768000000.0,10666000000.0,20963000000.0,24000000.0,-3115124992.0,2600999936,26101673984
CF,Basic Materials,6736000000,3033999872.0,1379000064,13466000000.0,4985000000.0,3246000000.0,1614000000.0,1361750016.0,2632999936,12747271168
CRL,Healthcare,4023704064,886190976.0,-83482000,7528345000.0,3461503000.0,2723994000.0,194606000.0,548860480.0,749488000,8767244288
SCHW,Financial Services,22914000896,,7767000064,479843000000.0,48375000000.0,45134000000.0,42083000000.0,,-753000000,168325300224
CHTR,Communication Services,55098998784,22094000128.0,5120999936,150020000000.0,15587000000.0,95763000000.0,459000000.0,2906874880.0,15776000000,27334588416
CVX,Energy,188687007744,37682999296.0,12768000000,256938000000.0,152318000000.0,24541000000.0,6781000000.0,15743875072.0,31844999168,304500113408
CMG,Consumer Cyclical,11787400192,2340452096.0,1536593024,9204374000.0,3655546000.0,4540618000.0,748537000.0,1142371328.0,2214852096,46287351808
CB,Financial Services,58842001408,12673000448.0,9674999808,246548000000.0,64021000000.0,15289000000.0,2288000000.0,12573875200.0,13320999936,118084091904
CHD,Consumer Defensive,6141000192,1330200064.0,782499968,8883100000.0,4360800000.0,2204600000.0,964100000.0,1012412480.0,1144300032,20745717760
CI,Healthcare,268077006848,11649999872.0,6146999808,155881000000.0,41033000000.0,31972000000.0,7550000000.0,8630625280.0,8664000512,74068647936
CINF,Financial Services,12078000128,2812999936.0,2122000000,36501000000.0,13935000000.0,875000000.0,983000000.0,1700875008.0,2807000064,26207123456
CTAS,Industrials,10556716032,2778882048.0,1845040000,9825241000.0,4684481000.0,2654481000.0,263973000.0,1492897024.0,2120029056,74956857344
CSCO,Technology,57696002048,15676000256.0,10328999936,122291000000.0,46843000000.0,28093000000.0,8346000000.0,12405999616.0,13744000000,303997222912
C,Financial Services,75383996416,,13436999680,2352945000000.0,208598000000.0,335805000000.0,276532000000.0,,-69390999552,190717018112
CFG,Financial Services,7442999808,,1566000000,217521000000.0,24254000000.0,12401000000.0,11236000000.0,,2852000000,23335979008
CLX,Consumer Defensive,6770999808,1224999936.0,791000000,5561000000.0,321000000.0,2880000000.0,167000000.0,861625024.0,853000000,13166562304
CME,Financial Services,6385200128,4494099968.0,3716699904,137447000000.0,26486900000.0,3428000000.0,2892400000.0,2836375040.0,4161100032,101494407168
CMS,Utilities,8295000064,2992000000.0,1037000000,35920000000.0,8230000000.0,16566000000.0,103000000.0,-1542625024.0,2160000000,22957885440
KO,Consumer Defensive,47663001600,16307000320.0,13031000064,100549000000.0,24856000000.0,44522000000.0,10828000000.0,1412875008.0,7602999808,314684145664
CTSH,Technology,20856999936,3777999872.0,2128000000,19966000000.0,14408000000.0,1480000000.0,2231000000.0,2306249984.0,2944999936,37953249280
COIN,Financial Services,7370428928,2399290112.0,3217709056,22541951000.0,10276842000.0,4319870000.0,8543903000.0,-1097911808.0,325849984,73564225536
CL,Consumer Defensive,20096999424,4812000256.0,2908000000,16046000000.0,212000000.0,8512000000.0,1096000000.0,2739249920.0,4014000128,64972869632
CMCSA,Communication Services,123310997504,38034001920.0,22606999552,266211000000.0,85560000000.0,99093000000.0,7322000000.0,4067249920.0,32881999872,98544992256
CAG,Consumer Defensive,11450500096,1967299968.0,850099968,20933900000.0,8932700000.0,8067600000.0,68000000.0,1112912512.0,1543900032,8538576896
COP,Energy,61280002048,25422000128.0,8824000512,122780000000.0,64796000000.0,24324000000.0,5607000000.0,6092499968.0,19935000576,110768701440
ED,Utilities,16593000448,5948000256.0,2036000000,70562000000.0,21962000000.0,27825000000.0,1324000000.0,-85625000.0,4630000128,36223500288
STZ,Consumer Defensive,9624000512,3622599936.0,1222700032,21652300000.0,6882000000.0,12113500000.0,68100000.0,2012125056.0,2769200128,23739217920
CEG,Utilities,24841000960,5948000256.0,2739000064,52926000000.0,13166000000.0,8412000000.0,3022000000.0,3059000064.0,2416000000,113828085760
COO,Healthcare,4045700096,1113100032.0,407800000,12315200000.0,8083400000.0,2583700000.0,107600000.0,276212512.0,816300032,15548010496
CPRT,Industrials,4655158784,1980256000.0,1594077056,10090902000.0,9187033000.0,103739000.0,2780531000.0,1070628608.0,1852728960,37733326848
GLW,Technology,14915000320,3392000000.0,1366000000,27735000000.0,10686000000.0,8091000000.0,1768000000.0,1098875008.0,2265999872,72189739008
CPAY,Technology,4314608128,2255620096.0,1051297024,17957031000.0,3122342000.0,7996080000.0,1553642000.0,1306636800.0,1335835008,20887734272
CTVA,Basic Materials,17468999680,3759000064.0,1680999936,40825000000.0,23789000000.0,2703000000.0,3106000000.0,2547749888.0,3204000000,45818880000
CSGP,Real Estate,3056499968,157800000.0,20300000,9256800000.0,7553500000.0,1150400000.0,4681000000.0,113800000.0,362500000,29159008256
COST,Consumer Defensive,275235012608,12808999936.0,8098999808,77099000000.0,29164000000.0,8173000000.0,14161000000.0,5899125248.0,13335000064,405156233216
CTRA,Energy,6665999872,4407000064.0,1646000000,21625000000.0,13122000000.0,3802000000.0,2038000000.0,950875008.0,3676999936,20482676736
CRWD,Technology,4341102080,-91371000.0,-296985984,8701578000.0,3279494000.0,788901000.0,4323295000.0,1443980160.0,1388797056,127776317440
CCI,Real Estate,6419999744,3875000064.0,-3929999872,32736000000.0,-133000000.0,29613000000.0,119000000.0,1318125056.0,3064000000,39750524928
CSX,Industrials,14122999808,6537999872.0,2902000128,42764000000.0,12502000000.0,18989000000.0,933000000.0,922249984.0,4615000064,65920835584
CMI,Industrials,33581000704,5238000128.0,2668000000,31540000000.0,10271000000.0,7598000000.0,1671000000.0,1640249984.0,3508999936,68739293184
CVS,Healthcare,391689994240,14753000448.0,469000000,253215000000.0,75560000000.0,82920000000.0,8586000000.0,6976625152.0,9109000192,102011592704
DHR,Healthcare,24267999232,7629000192.0,3503000064,77542000000.0,49543000000.0,17146000000.0,2078000000.0,4013874944.0,6318000128,162386182144
DRI,Consumer Cyclical,12364399616,1953600000.0,1101299968,12587000000.0,2311300000.0,6229700000.0,240000000.0,758462528.0,1767800064,20938113024
DDOG,Technology,3211691008,6225000.0,106768000,5785339000.0,2714363000.0,1842180000.0,1246983000.0,838500736.0,988294016,56110825472
DVA,Healthcare,13317964800,2668084992.0,771915008,17285268000.0,121122000.0,12066836000.0,794933000.0,956624000.0,1893400960,8557120000
DAY,Technology,1893299968,111500000.0,-149800000,9117000000.0,2546300000.0,1232900000.0,579700000.0,200750000.0,274500000,11058415616
DECK,Consumer Cyclical,5244322816,1312071040.0,1015500032,3570252000.0,2513013000.0,276975000.0,1889188000.0,784447232.0,1066656000,13058665472
DE,Industrials,45683998720,8732999680.0,5026999808,107320000000.0,22836000000.0,65463000000.0,7324000000.0,3901625088.0,7458999808,125565304832
DELL,Technology,104090001408,10574999552.0,5209999872,79746000000.0,-1482000000.0,24567000000.0,3633000000.0,-1497500032.0,7096000000,89660956672
DAL,Industrials,62919999488,8022000128.0,4629000192,75372000000.0,15293000000.0,22771000000.0,3069000000.0,2057874944.0,7976000000,41854910464
DVN,Energy,16554000384,7670000128.0,2719000064,30489000000.0,14496000000.0,9203000000.0,846000000.0,2007000064.0,6840999936,23525689344
DXCM,Healthcare,4515899904,1022099968.0,720700032,6484500000.0,2102600000.0,2587400000.0,606100000.0,783387520.0,1448099968,24890095616
FANG,Energy,14625999872,10597999616.0,4177999872,67292000000.0,37736000000.0,13329000000.0,161000000.0,-2041874944.0,8755999744,44172685312
DLR,Real Estate,5841035776,2662960896.0,1358786944,45283616000.0,21340397000.0,18008596000.0,3870891000.0,2183965440.0,2462658048,55994691584
DG,Consumer Defensive,41651642368,3026481920.0,1191100032,31132733000.0,7413707000.0,17463385000.0,932576000.0,1500179584.0,3158190080,24099409920
DLTR,Consumer Defensive,18551099392,2121900032.0,1101500032,18644000000.0,3977400000.0,7830600000.0,1256500000.0,2023337472.0,3073700096,23125583872
D,Utilities,15813000192,7664999936.0,2609999872,102415000000.0,27253000000.0,41750000000.0,310000000.0,-9946749952.0,5015000064,53600137216
DPZ,Consumer Cyclical,4848167936,989062016.0,589505024,1737013000.0,-3962291000.0,5197241000.0,186126000.0,477574752.0,730273984,14245985280
DASH,Consumer Cyclical,12634999808,1021000000.0,863000000,12845000000.0,7803000000.0,536000000.0,4019000000.0,-1816125056.0,2528000000,85497176064
DOV,Industrials,7923358208,1765272064.0,1061046016,12509160000.0,6953996000.0,3153953000.0,1844877000.0,1207432064.0,783721984,25411747840
DOW,Basic Materials,40912998400,3505999872.0,-1144999936,57312000000.0,17355000000.0,17645000000.0,2189000000.0,-579750016.0,1562000000,16951801856
DHI,Consumer Cyclical,34250399744,4772499968.0,3585200128,35471200000.0,24190400000.0,6031100000.0,2985400000.0,2173700096.0,3420900096,47404617728
DTE,Utilities,14821999616,3593999872.0,1382000000,48846000000.0,11699000000.0,23241000000.0,24000000.0,-1633874944.0,3444999936,28458803200
DUK,Utilities,31235999744,15952000000.0,4921999872,186343000000.0,50126000000.0,85230000000.0,314000000.0,-1939250048.0,12049000448,96383336448
DD,Basic Materials,12842999808,3280000000.0,726000000,36636000000.0,23350000000.0,7171000000.0,1850000000.0,-1093124992.0,1900000000,16662648832
EMN,Basic Materials,9024000000,1691000064.0,699000000,15213000000.0,5779000000.0,5017000000.0,837000000.0,371375008.0,1008000000,7128796672
ETN,Industrials,26633000960,6115999744.0,3926000128,38381000000.0,18488000000.0,9821000000.0,555000000.0,2315500032.0,4104000000,134654984192
EBAY,Consumer Cyclical,10714000384,2739000064.0,2151000064,19365000000.0,5158000000.0,7863000000.0,2433000000.0,1598749952.0,2052999936,37835030528
ECL,Basic Materials,15890400256,3809100032.0,1984600064,22387800000.0,8757300000.0,8282700000.0,1256800000.0,1397549952.0,2629199872,78042226688
EIX,Utilities,18087999488,7310000128.0,2951000064,85579000000.0,15565000000.0,37761000000.0,193000000.0,-1152999936.0,5398000128,22660110336
EW,Healthcare,5883800064,1788400000.0,1342200064,13055300000.0,9998400000.0,700000000.0,3045200000.0,524500000.0,1016800000,50883956736
EA,Communication Services,7288000000,1567000064.0,885000000,12368000000.0,6386000000.0,1951000000.0,2136000000.0,1503500032.0,1872000000,50528940032
ELV,Healthcare,194819997696,8924000256.0,5533000192,116889000000.0,41315000000.0,31232000000.0,8288000000.0,5116000256.0,4912000000,76168814592
EMR,Industrials,18016000000,5040000000.0,2284999936,41964000000.0,20282000000.0,13759000000.0,1544000000.0,2741250048.0,3097999872,75066269696
ENPH,Technology,1512376960,281383008.0,195580000,3249676000.0,833016000.0,1308195000.0,369110000.0,141913744.0,256252992,3775302656
ETR,Utilities,12730047488,5664671744.0,1808936960,64790032000.0,15118908000.0,28918886000.0,859703000.0,-3257634304.0,5312266752,43552129024
EOG,Energy,22653999104,11760000000.0,5529999872,47186000000.0,29351000000.0,5067000000.0,7092000000.0,2926749952.0,10195000320,58885386240
EPAM,Technology,5297859072,695675008.0,371623008,4750473000.0,3629211000.0,163254000.0,1286267000.0,568759616.0,502303008,10415322112
EQT,Energy,7708868096,5210795008.0,1780542976,39830255000.0,20597628000.0,9366055000.0,202093000.0,1615665408.0,4756840960,37980717056
EFX,Industrials,5943300096,1856600064.0,658499968,11759400000.0,4796900000.0,5010500000.0,169900000.0,909025024.0,1469699968,26163425280
EQIX,Real Estate,9075999744,3900000000.0,1071000000,35085000000.0,13528000000.0,18961000000.0,3081000000.0,3821750016.0,3748000000,73964552192
EQR,Real Estate,3078827008,1877712000.0,1155692032,20834176000.0,11044560000.0,8426642000.0,62302000.0,1397780608.0,1615955968,24302446592
ERIE,Financial Services,4040325120,814471232.0,647984000,2888614000.0,1987258000.0,,274838000.0,409099616.0,708558016,15451132928
ESS,Real Estate,1916711040,1233804032.0,846545984,12927359000.0,5537046000.0,6654090000.0,66795000.0,943816256.0,1058545024,18207830016
EL,Consumer Defensive,14446000128,2072000000.0,-930000000,19892000000.0,3865000000.0,9467000000.0,2921000000.0,1587500032.0,1602000000,33899089920
EG,Financial Services,17677000704,,547000000,56341000000.0,13876000000.0,3587000000.0,1549000000.0,4658250240.0,4246000128,13193283584
EVRG,Utilities,5878799872,2709499904.0,849500032,32282100000.0,9955000000.0,14069500000.0,22000000.0,-477237504.0,2106800000,17876127744
ES,Utilities,13148535808,4586080256.0,1343586048,59594529000.0,15039387000.0,29114852000.0,26656000.0,103500128.0,3839645952,25205207040
EXC,Utilities,24316999680,8031000064.0,2820999936,107784000000.0,26921000000.0,46649000000.0,357000000.0,-1639750016.0,6435999744,47590600704
EXE,Energy,10778999808,4529999872.0,867000000,27894000000.0,17565000000.0,5751000000.0,317000000.0,2199749888.0,4000999936,29040031744
EXPE,Consumer Cyclical,14369999872,2179000064.0,1388000000,22388000000.0,1557000000.0,6531000000.0,4183000000.0,2561874944.0,3774000128,31632838656
EXPD,Industrials,11167760384,1160615040.0,845502976,4754458000.0,2223012000.0,568937000.0,1148320000.0,743463488.0,972918016,19937050624
EXR,Real Estate,3421972992,2260354048.0,947441984,28847926000.0,13947535000.0,13027861000.0,138222000.0,880051136.0,1890674944,29510666240
XOM,Energy,326244990976,61694001152.0,29952999424,453475000000.0,263705000000.0,41710000000.0,23029000000.0,17292750848.0,51520000000,494195605504
FFIV,Technology,3088071936,883832000.0,692380032,6319492000.0,3591999000.0,261791000.0,1344273000.0,761381632.0,949665984,13892712448
FDS,Financial Services,2321747968,905993984.0,597040000,4304272000.0,2186413000.0,1558509000.0,337651000.0,519179872.0,726259968,10375425024
FICO,Technology,1990868992,950723968.0,651945984,1868133000.0,-1745784000.0,3074878000.0,134136000.0,615464128.0,778806976,43346522112
FAST,Industrials,7997599744,1795299968.0,1226499968,4698000000.0,3616300000.0,485400000.0,255800000.0,761350016.0,1210599936,46380646400
FRT,Real Estate,1257395968,798544000.0,337579008,8524757000.0,3171594000.0,4561252000.0,123409000.0,408558016.0,597126016,8569689088
FDX,Industrials,88590999552,11120000000.0,4116999936,87627000000.0,28074000000.0,37416000000.0,5502000000.0,4405250048.0,7565000192,65048199168
FIS,Technology,10464000000,3124999936.0,177000000,33784000000.0,15698000000.0,11541000000.0,834000000.0,2390500096.0,2740999936,34356838400
FITB,Financial Services,8125000192,,2259000064,212927000000.0,19645000000.0,18495000000.0,3014000000.0,,3484000000,28729006080
FSLR,Technology,5050625024,2018718976.0,1400461952,12124361000.0,7977577000.0,718802000.0,1621376000.0,168763744.0,1626208000,29286539264
FE,Utilities,14282999808,4477000192.0,1330000000,52044000000.0,12455000000.0,24023000000.0,111000000.0,-1898499968.0,3608000000,27566200832
FI,Technology,21159999488,9194000384.0,3607000064,77176000000.0,27068000000.0,24956000000.0,1236000000.0,4193125120.0,6338999808,34314950656
F,Consumer Cyclical,189587996672,9708000256.0,4705999872,285196000000.0,44835000000.0,160862000000.0,22935000000.0,3968624896.0,20426000384,52914143232
FTNT,Technology,6554699776,2170700032.0,1873600000,9763100000.0,1493800000.0,994300000.0,2875900000.0,1709100032.0,2448000000,62167162880
FTV,Technology,6260299776,1680899968.0,884800000,17016100000.0,10188600000.0,3876900000.0,813300000.0,1297374976.0,1219500032,18094227456
FOXA,Communication Services,16474000384,3561999872.0,2035000064,23195000000.0,11962000000.0,7465000000.0,5351000000.0,2113874944.0,3036000000,29078247424
FOX,Communication Services,16474000384,3561999872.0,2035000064,23195000000.0,11962000000.0,7465000000.0,5351000000.0,2113874944.0,3036000000,27435370496
BEN,Financial Services,8770700288,1701299968.0,471700000,32368300000.0,12077800000.0,13299900000.0,3573900000.0,688124992.0,1066099968,11768725504
FCX,Basic Materials,26001999872,9562000384.0,2064999936,54848000000.0,17581000000.0,9738000000.0,3923000000.0,2113374976.0,6352999936,61716295680
GRMN,Technology,6943124992,1967053056.0,1570939008,9630527000.0,7848398000.0,134886000.0,2079468000.0,908814848.0,1563463936,37597921280
IT,Technology,6459774976,1313932032.0,885651968,8534671000.0,1359169000.0,2900006000.0,1933147000.0,1072338112.0,1331175936,17626748928
GE,Industrials,43949998080,11264000000.0,8054000128,123140000000.0,19342000000.0,19273000000.0,13619000000.0,5170500096.0,7552999936,316488155136
GEHC,Healthcare,20245999616,3625999872.0,2216000000,33089000000.0,8446000000.0,9376000000.0,2874000000.0,1485250048.0,1850000000,36520398848
GEV,Industrials,37669998592,2935000064.0,1704000000,51485000000.0,9546000000.0,1043000000.0,8205000000.0,2413625088.0,3428999936,163271753728
GEN,Technology,4472999936,1944000000.0,570000000,15495000000.0,2269000000.0,8315000000.0,1006000000.0,1076625024.0,1324000000,16262804480
GNRC,Industrials,4352443904,684027008.0,312870016,5109331000.0,2494278000.0,1475737000.0,281277000.0,227941872.0,588172992,8898265088
GD,Industrials,51508998144,6240000000.0,4215000064,55880000000.0,22063000000.0,10676000000.0,1697000000.0,3506500096.0,5708000256,92281249792
GIS,Consumer Defensive,19156000768,3759699968.0,2908999936,33071100000.0,9199200000.0,15296700000.0,363900000.0,2124150016.0,2691000064,25317373952
GM,Consumer Cyclical,187435008000,15704999936.0,4784999936,279761000000.0,63072000000.0,130693000000.0,19872000000.0,1771624960.0,24212000768,69996756992
GPC,Consumer Cyclical,24060899328,1930909056.0,808499008,19282705000.0,4337407000.0,5742736000.0,479991000.0,259586496.0,665715008,18140008448
GILD,Healthcare,29087000576,14136000512.0,8110000128,58995000000.0,19330000000.0,26711000000.0,9991000000.0,8028000256.0,9667000320,156143140864
GPN,Industrials,10076184576,4384649216.0,1636066048,46890255000.0,22280686000.0,16815381000.0,2538416000.0,2422775808.0,3499917056,18379915264
GL,Financial Services,5940974080,1621281024.0,1150350976,29076181000.0,5305520000.0,2739652000.0,165325000.0,1392902912.0,1382717056,10913605632
GDDY,Technology,4869799936,1218400000.0,828499968,8235400000.0,692100000.0,3894700000.0,1089000000.0,1217712512.0,1569299968,17702092800
GS,Financial Services,57336999936,,15788000256,1675972000000.0,121996000000.0,342555000000.0,182092000000.0,,17888000000,250059718656
HAL,Energy,22136999936,4195000064.0,1308999936,25587000000.0,10506000000.0,8602000000.0,2618000000.0,1968625024.0,3216999936,22355226624
HIG,Financial Services,27917000704,4866999808.0,3536999936,80917000000.0,16447000000.0,4366000000.0,183000000.0,5641750016.0,5987999744,38528950272
HAS,Consumer Cyclical,4357000192,1048899968.0,-558300032,6340300000.0,1157600000.0,3410600000.0,694700000.0,460337504.0,749800000,11591837696
HCA,Healthcare,74371997696,15100999680.0,6344000000,59513000000.0,-2499000000.0,45237000000.0,1933000000.0,6101125120.0,12835999744,118936559616
DOC,Real Estate,2801097984,1512803968.0,-38936000,19938255000.0,8401276000.0,9023269000.0,119818000.0,1072704256.0,1241405952,12689783808
HSIC,Healthcare,12938000384,1011000000.0,391000000,10218000000.0,3393000000.0,2870000000.0,122000000.0,285124992.0,535000000,9042984960
HSY,Consumer Defensive,11489094656,2450479104.0,1359832960,12946861000.0,4714654000.0,5447554000.0,730746000.0,1231904640.0,2292416000,38139826176
HPE,Technology,33074999296,4755999744.0,1136000000,71262000000.0,24816000000.0,19816000000.0,14846000000.0,-252500000.0,2484000000,28856375296
HLT,Consumer Cyclical,4870000128,2737999872.0,1664999936,16522000000.0,-3727000000.0,12003000000.0,1301000000.0,2064125056.0,2508000000,67037278208
HOLX,Healthcare,4100499968,1351100032.0,565699968,9014900000.0,5047900000.0,2626800000.0,1959500000.0,807699968.0,1057100032,16711205888
HD,Consumer Cyclical,166189006848,25586999296.0,14581999616,96119000000.0,6640000000.0,62290000000.0,1659000000.0,9733999616.0,17649000448,355317972992
HON,Industrials,40669999104,9777999872.0,6128999936,75196000000.0,18619000000.0,32225000000.0,10567000000.0,5684125184.0,7485000192,129511022592
HRL,Consumer Defensive,12058590208,1291505024.0,754529984,13434729000.0,7993420000.0,2858757000.0,741881000.0,358622496.0,930966016,12765463552
HST,Real Estate,5950000128,1603000064.0,738000000,13048000000.0,6609000000.0,5643000000.0,554000000.0,1140625024.0,1298000000,12280642560
HWM,Industrials,7975000064,2244999936.0,1448000000,10519000000.0,4554000000.0,3471000000.0,564000000.0,910000000.0,1710000000,82347474944
HPQ,Technology,55295000576,4540000256.0,2528999936,39909000000.0,-1323000000.0,10899000000.0,3238000000.0,2822749952.0,3696999936,22937044992
HUBB,Industrials,5686199808,1350400000.0,858400000,6679100000.0,3268300000.0,1719600000.0,329100000.0,513700000.0,1014700032,22928240640
HUM,Healthcare,126362001408,3860999936.0,1291000064,46479000000.0,16375000000.0,11721000000.0,2221000000.0,1578249984.0,2044999936,29559513088
HBAN,Financial Services,7502000128,,2108999936,204230000000.0,19740000000.0,16431000000.0,13332000000.0,,2648000000,25548468224
HII,Industrials,12012000256,1062000000.0,569000000,12141000000.0,4666000000.0,3408000000.0,831000000.0,505750016.0,937000000,12306897920
IBM,Technology,65401999360,17767000064.0,7919000064,137175000000.0,27307000000.0,58396000000.0,13947000000.0,13460625408.0,13482999808,288440582144
IEX,Industrials,3421299968,917200000.0,478100000,6745300000.0,3794700000.0,1986300000.0,620800000.0,562675008.0,643500032,13094717440
IDXX,Healthcare,4167410944,1437280000.0,1027425024,3293443000.0,1595313000.0,986948000.0,288266000.0,675227520.0,1088070016,60233936896
ITW,Industrials,15882999808,4592999936.0,3025999872,15067000000.0,3316000000.0,8078000000.0,948000000.0,2440999936.0,3276999936,72665120768
INCY,Healthcare,4813105152,1324280064.0,1188583040,5444322000.0,3447628000.0,43544000.0,1687829000.0,531249760.0,1251415040,20507869184
IR,Industrials,7458299904,1970899968.0,545100032,18009800000.0,10179000000.0,4813800000.0,1541200000.0,1151687552.0,1382899968,31931332608
PODD,Healthcare,2521799936,510900000.0,246200000,3087700000.0,1211600000.0,1392100000.0,953400000.0,215337504.0,533600000,23031734272
INTC,Technology,53439000576,10437000192.0,198000000,196485000000.0,99270000000.0,50011000000.0,8249000000.0,-4420874752.0,8574000128,193471201280
ICE,Financial Services,9749999616,6071000064.0,3161999872,139428000000.0,27647000000.0,20703000000.0,844000000.0,3630374912.0,4893000192,90042155008
IFF,Basic Materials,11072000000,1748749952.0,-472000000,28667000000.0,13876000000.0,9593000000.0,469000000.0,3429343744.0,921000000,17806827520
IP,Consumer Cyclical,24334000128,2016000000.0,-555000000,22800000000.0,8173000000.0,5853000000.0,1170000000.0,-1002625024.0,1190000000,20846952448
IPG,Communication Services,8739500032,1713500032.0,545800000,18325800000.0,3797400000.0,4254600000.0,2187100000.0,1086712448.0,915200000,8999164928
INTU,Technology,19433000960,5846000128.0,4118000128,36958000000.0,19710000000.0,6639000000.0,2884000000.0,5059874816.0,6481999872,176527884288
ISRG,Healthcare,9612000256,3411899904.0,2746899968,18743200000.0,16433700000.0,,2027400000.0,1966412544.0,2960600064,205579108352
IVZ,Financial Services,6278099968,1257500032.0,669200000,27008900000.0,14559900000.0,7546400000.0,1496000000.0,761225024.0,1386400000,10903815168
INVH,Real Estate,2689620992,1478686976.0,585596992,18700951000.0,9756764000.0,8202302000.0,174491000.0,1083813760.0,1210387968,17287182336
IQV,Healthcare,15904000000,2926000128.0,1283000064,26899000000.0,6067000000.0,14156000000.0,1702000000.0,2455624960.0,2804000000,39170703360
IRM,Real Estate,6639848960,2233931008.0,159252992,18717115000.0,-503122000.0,16369312000.0,155716000.0,-1208413568.0,1271581056,25524152320
JBHT,Industrials,12048818176,1566736000.0,572667008,8312270000.0,4014505000.0,1477702000.0,46983000.0,354205888.0,1610310016,16839203840
JBL,Technology,29802000384,2120000000.0,657000000,18543000000.0,1513000000.0,3366000000.0,1933000000.0,1279874944.0,1640000000,22613153792
JKHY,Technology,2419044096,658918976.0,480543008,3043970000.0,2130832000.0,,101953000.0,303682112.0,645198016,12678624256
J,Industrials,12029783040,1265025024.0,314214016,11252535000.0,3640807000.0,2709857000.0,1235448000.0,811144768.0,686704000,16198254592
JNJ,Healthcare,92148998144,31921999872.0,25119000576,180104000000.0,71490000000.0,36634000000.0,24105000000.0,12008999936.0,24203999232,498531336192
JCI,Industrials,23595999232,3836999936.0,1720999936,37939000000.0,12927000000.0,9880000000.0,379000000.0,2325625088.0,1399000064,76111568896
JPM,Financial Services,167228997632,,56660000768,4002814000000.0,344758000000.0,454311000000.0,469317000000.0,,-119748001792,860892889088
K,Consumer Defensive,12670000128,2291000064.0,1276999936,15628000000.0,3775000000.0,6342000000.0,694000000.0,504000000.0,1255000064,29101086720
KVUE,Consumer Defensive,15006000128,3540999936.0,1432999936,25601000000.0,9668000000.0,8719000000.0,1070000000.0,1753374976.0,2136000000,33295863808
KDP,Consumer Defensive,16174000128,4298999808.0,1582000000,53430000000.0,24243000000.0,17274000000.0,510000000.0,1392375040.0,2128000000,37904470016
KEY,Financial Services,5934000128,,932000000,187168000000.0,18176000000.0,14235000000.0,1743000000.0,,3216999936,20153960448
KEYS,Technology,5375000064,1152000000.0,869000000,9269000000.0,5105000000.0,2030000000.0,1796000000.0,1212499968.0,1408999936,34018945024
KMB,Consumer Defensive,19723999232,3910000128.0,1971000064,16546000000.0,840000000.0,7574000000.0,1021000000.0,1400875008.0,2622000128,36212391936
KIM,Real Estate,2123057024,1299628032.0,561379968,20309896000.0,10652547000.0,8578375000.0,688622000.0,845290112.0,1101185024,13990851584
KMI,Energy,16416000000,6861000192.0,2712000000,71407000000.0,30531000000.0,31669000000.0,88000000.0,906625024.0,5735000064,60780449792
KKR,Financial Services,22245685248,,2271944960,360099411000.0,23651568000.0,50816440000.0,14878493000.0,,5266436096,113249517568
KLAC,Technology,12524316672,5626762240.0,4236832000,16067926000.0,4692453000.0,6088282000.0,2078908000.0,2757365760.0,4248256000,154791215104
KHC,Consumer Defensive,25163999232,6006000128.0,-4366000128,88287000000.0,49185000000.0,19869000000.0,1334000000.0,2780375040.0,4473999872,30195052544
KR,Consumer Defensive,147000000512,8025999872.0,2705999872,52616000000.0,8285000000.0,25082000000.0,3959000000.0,2915749888.0,6017999872,44584988672
LHX,Industrials,21739999232,4076999936.0,1759000064,42001000000.0,19514000000.0,12236000000.0,615000000.0,2759375104.0,2272999936,52141449216
LH,Healthcare,13765300224,1963500032.0,855200000,18379000000.0,8052200000.0,7272800000.0,1518700000.0,1123149952.0,1803500032,22335617024
LRCX,Technology,19591788544,6859485184.0,5810433024,21345260000.0,9861619000.0,4484505000.0,6390659000.0,4278629376.0,6383756800,196721049600
LW,Consumer Defensive,6456500224,1239800064.0,294100000,7392600000.0,1737700000.0,4155300000.0,70700000.0,471424992.0,890099968,8230289920
LVS,Consumer Cyclical,12263999488,4255000064.0,1556000000,20666000000.0,2884000000.0,13752000000.0,3650000000.0,1360249984.0,2734000128,46788681728
LDOS,Technology,17332000768,2335000064.0,1404999936,13104000000.0,4412000000.0,5291000000.0,943000000.0,751374976.0,1506000000,24517621760
LEN,Consumer Cyclical,34766213120,3651228928.0,2657505024,41312781000.0,27870135000.0,4189239000.0,4909664000.0,8794450944.0,-568169984,32427286528
LII,Industrials,5345299968,1160700032.0,841400000,3471800000.0,850200000.0,1488600000.0,415100000.0,299837504.0,684099968,17522448384
LLY,Healthcare,59419799552,28728600576.0,18412099584,78714900000.0,14192100000.0,33644200000.0,3268400000.0,1397924992.0,16062199808,964112351232
LIN,Basic Materials,33504000000,13150000128.0,7093000192,80147000000.0,38092000000.0,22609000000.0,4850000000.0,3498374912.0,10129000448,192402964480
LYV,Communication Services,24569493504,2180762880.0,322208000,19638771000.0,173263000.0,8271741000.0,6095424000.0,2466385152.0,2494169088,30523904000
LKQ,Consumer Cyclical,14097000448,1640000000.0,696000000,14955000000.0,6017000000.0,5609000000.0,234000000.0,285750016.0,968000000,7639034880
LMT,Industrials,73348997120,7256999936.0,4200000000,55617000000.0,6333000000.0,20270000000.0,2483000000.0,4426500096.0,6360999936,106894303232
L,Financial Services,18265999360,2912000000.0,1452000000,81943000000.0,17066000000.0,8944000000.0,541000000.0,2510125056.0,3603000064,22375086080
LOW,Consumer Cyclical,84254998528,12423000064.0,6760999936,43102000000.0,-14231000000.0,39678000000.0,1761000000.0,5174249984.0,9208000512,136019517440
LULU,Consumer Cyclical,10904036352,2976704000.0,1785750016,7603292000.0,4324047000.0,1575791000.0,1984336000.0,1018826496.0,1911771008,22074064896
LYB,Basic Materials,37778001920,2500999936.0,-1304999936,35746000000.0,12462000000.0,12923000000.0,3375000000.0,848249984.0,2670000128,15768556544
MTB,Financial Services,9080000512,,2624999936,208105000000.0,29027000000.0,13605000000.0,20782000000.0,,4156000000,29725546496
MPC,Energy,133580996608,8293000192.0,2879000064,78858000000.0,17745000000.0,28758000000.0,3210000000.0,1757750016.0,7391000064,58897854464
MKTX,Financial Services,839262976,425404000.0,219528992,1789216000.0,1388660000.0,72654000.0,544478000.0,246013248.0,399755008,6123548672
MAR,Consumer Cyclical,6873999872,4600000000.0,2611000064,26182000000.0,-2992000000.0,15241000000.0,396000000.0,1176875008.0,2700999936,82737635328
MMC,Financial Services,26453000192,7729999872.0,4127000064,56481000000.0,13342000000.0,21862000000.0,2398000000.0,4722874880.0,5087000064,90188423168
MLM,Basic Materials,6903000064,2326000128.0,1184000000,18170000000.0,9453000000.0,5804000000.0,670000000.0,-444750016.0,1842000000,37585825792
MAS,Industrials,7597000192,1447000064.0,827000000,5016000000.0,-280000000.0,3214000000.0,634000000.0,648000000.0,1011000000,13581419520
MA,Financial Services,31473999872,19612000256.0,14250000384,48081000000.0,6485000000.0,18226000000.0,8442000000.0,16258499584.0,17479999488,497685659648
MTCH,Communication Services,3469367040,1053318016.0,562092992,4465771000.0,-63659000.0,3848983000.0,965993000.0,872391488.0,1012310016,8015123968
MKC,Consumer Defensive,6787899904,1292400000.0,778000000,13070300000.0,5291000000.0,4508500000.0,186100000.0,481412512.0,878899968,18109990912
MCD,Consumer Cyclical,26264000512,14291999744.0,8415000064,55182000000.0,-3796000000.0,51948000000.0,1085000000.0,4394500096.0,10485000192,222516133888
MCK,Healthcare,387093987328,6506999808.0,4032999936,75140000000.0,-2074000000.0,7390000000.0,5691000000.0,6109749760.0,6866999808,109597573120
MDT,Healthcare,34758000640,9573000192.0,4764000256,91680000000.0,48024000000.0,28516000000.0,2218000000.0,3947000064.0,7112999936,135097950208
MRK,Healthcare,64234999808,31523000320.0,19033999360,117106000000.0,46313000000.0,37111000000.0,13242000000.0,14527875072.0,17064999936,261842632704
META,Communication Services,189458006016,98399002624.0,58527997952,276054000000.0,182637000000.0,49060000000.0,43889000000.0,18617749504.0,107574001664,1633175863296
MET,Financial Services,71932002304,5681999872.0,3633999872,677457000000.0,27445000000.0,18715000000.0,20068000000.0,-10518124544.0,14627000320,50914394112
MTD,Healthcare,3941790976,1199320064.0,835729024,3239999000.0,-126890000.0,2013888000.0,59362000.0,740551360.0,996374016,30419013632
MGM,Consumer Cyclical,17278978048,2313121024.0,67177000,42231627000.0,3023481000.0,31610449000.0,2415532000.0,726777856.0,2545937920,9652041728
MCHP,Technology,4212400128,872800000.0,-242900000,15374600000.0,7078300000.0,5666100000.0,771700000.0,1032800000.0,841100032,28957143040
MU,Technology,37377998848,18090000384.0,8538999808,82798000000.0,54165000000.0,15278000000.0,9642000000.0,-891500032.0,17525000192,266122706944
MSFT,Technology,293812011008,166436995072.0,104912003072,619003000000.0,343479000000.0,60588000000.0,30242000000.0,53327376384.0,147038994432,3657192177664
MAA,Real Estate,2203401984,1238232064.0,552176000,11812369000.0,5964361000.0,5007048000.0,43018000.0,920064512.0,1055630016,16311066624
MRNA,Healthcare,2232000000,-3255000064.0,-3116000000,14142000000.0,10901000000.0,747000000.0,1927000000.0,-1984375040.0,-1978000000,10151259136
MHK,Consumer Cyclical,10722899968,1321299968.0,421100000,12778600000.0,7551400000.0,2628300000.0,666600000.0,682712512.0,993600000,7201088512
MOH,Healthcare,42842001408,1456999936.0,883000000,15630000000.0,4496000000.0,3118000000.0,4662000000.0,-186375008.0,-461000000,8035691520
TAP,Consumer Defensive,11214000128,2411200000.0,-2090099968,26064300000.0,13092400000.0,6192800000.0,969300000.0,718812480.0,1738200064,9197622272
MDLZ,Consumer Defensive,37645000704,5616999936.0,3531000064,68497000000.0,26932000000.0,18372000000.0,1351000000.0,1953750016.0,3576000000,74492436480
MPWR,Technology,2660968960,740320000.0,1895154048,3617097000.0,3145767000.0,12974000.0,691816000.0,490344384.0,900972992,44465840128
MNST,Consumer Defensive,7975330816,2487678976.0,1726952960,7719089000.0,5957718000.0,373951000.0,1533287000.0,1592852480.0,2180463104,73266814976
MCO,Financial Services,7501000192,3579000064.0,2244000000,15505000000.0,3565000000.0,7746000000.0,2408000000.0,2067750016.0,2716999936,88025636864
MS,Financial Services,68531998720,,15562999808,1215071000000.0,104511000000.0,310421000000.0,75743000000.0,,-3679000064,270834335744
MOS,Basic Materials,11894599680,2287200000.0,1229200000,22924000000.0,11482400000.0,4449800000.0,272800000.0,192387504.0,1100199936,7773318656
MSI,Technology,11313000448,3344999936.0,2116000000,14595000000.0,1703000000.0,6551000000.0,2102000000.0,1947500032.0,2651000064,61590122496
MSCI,Financial Services,3055439872,1770738944.0,1223150976,5445439000.0,-939997000.0,4631969000.0,405854000.0,1095833472.0,1517949056,42357657600
NDAQ,Financial Services,8168000000,3007000064.0,1624999936,30395000000.0,11191000000.0,9868000000.0,592000000.0,1804875008.0,2335000064,52169465856
NTAP,Technology,6637000192,1703000064.0,1176999936,10823000000.0,1040000000.0,3491000000.0,2742000000.0,1278499968.0,1860000000,22269425664
NFLX,Communication Services,43378786304,12969651200.0,10431287296,53630374000.0,24743567000.0,15582804000.0,7804733000.0,23363989504.0,9574524928,455851245568
NEM,Basic Materials,21503000576,12248999936.0,7186999808,56349000000.0,29928000000.0,8972000000.0,3619000000.0,9337749504.0,9223999488,99662340096
NWSA,Communication Services,8499999744,1148000000.0,474000000,15504000000.0,8774000000.0,2940000000.0,2403000000.0,671124992.0,1148999936,15027854336
NWS,Communication Services,8499999744,1148000000.0,474000000,15504000000.0,8774000000.0,2940000000.0,2403000000.0,671124992.0,1148999936,16430740480
NEE,Utilities,26296999936,14449999872.0,6503000064,190144000000.0,50101000000.0,82333000000.0,1487000000.0,-13650499584.0,11966999552,179708395520
NKE,Consumer Cyclical,46440001536,4196999936.0,2895000064,36579000000.0,13213000000.0,11018000000.0,7464000000.0,3629374976.0,3526000128,95536152576
NI,Utilities,6327099904,2755500032.0,893500032,31788100000.0,8684200000.0,13960300000.0,156600000.0,-857825024.0,2189499904,20883752960
NDSN,Industrials,2784348928,838913984.0,455008000,6000966000.0,2932192000.0,2320351000.0,115952000.0,364837504.0,612644992,13429916672
NSC,Industrials,12229999616,5678000128.0,2959000064,43682000000.0,14306000000.0,17478000000.0,1641000000.0,1376499968.0,4248999936,65541087232
NTRS,Financial Services,7932899840,,1669200000,155508400000.0,12788400000.0,13372000000.0,45397300000.0,,2510299904,25041360896
NOC,Industrials,40928002048,6576999936.0,4019000064,49359000000.0,15290000000.0,16490000000.0,4353000000.0,2280375040.0,3438000128,81936457728
NCLH,Consumer Cyclical,9692558336,2542863872.0,663528000,19969811000.0,1425439000.0,13100490000.0,190765000.0,-1316698496.0,2029891968,8404052992
NRG,Utilities,29778999296,3646000128.0,1374000000,24022000000.0,2478000000.0,10991000000.0,966000000.0,1836625024.0,2742000128,32784586752
NUE,Basic Materials,31882999808,3976999936.0,1647000064,33940000000.0,20294000000.0,6950000000.0,3558000000.0,-737886976.0,3168000000,36500668416
NVDA,Technology,187141996544,112696000512.0,99198001152,111601000000.0,79327000000.0,10270000000.0,8589000000.0,53282873344.0,83158999040,4316597583872
NVR,Consumer Cyclical,10582633472,1915858944.0,1433432960,6380988000.0,4210072000.0,1020485000.0,2610975000.0,1327048448.0,1318642048,20743424000
NXPI,Technology,12044999680,3996000000.0,2060999936,24385000000.0,9183000000.0,10854000000.0,3031000000.0,1663374976.0,2320000000,49147219968
ORLY,Consumer Cyclical,17463279616,3869545984.0,2484105984,14893741000.0,-1370961000.0,7920850000.0,130245000.0,1004949888.0,2752987904,86041485312
OXY,Energy,26601000960,12693000192.0,1460000000,85445000000.0,34159000000.0,27104000000.0,2132000000.0,3033125120.0,11253999616,41378836480
ODFL,Industrials,5574922240,1751644032.0,1057377024,5491395000.0,4244588000.0,59987000.0,108676000.0,742697600.0,1460898944,28433647616
OMC,Communication Services,16065300480,2581600000.0,1334599936,29620700000.0,4193500000.0,6870800000.0,4339400000.0,1739887488.0,1825799936,22727833600
ON,Technology,6187800064,1864499968.0,319100000,14089800000.0,8796400000.0,3366900000.0,2691300000.0,1275187456.0,1784999936,20546852864
OKE,Energy,31563999232,7376999936.0,3339000064,64069000000.0,17036000000.0,32077000000.0,733000000.0,1428625024.0,5664000000,45858828288
ORCL,Technology,59017998336,24462999552.0,12440999936,168361000000.0,20451000000.0,104104000000.0,10786000000.0,-2832250112.0,21533999104,575717572608
OTIS,Industrials,14309999616,2540999936.0,1347000064,11316000000.0,-4848000000.0,8742000000.0,2300000000.0,1519374976.0,1468999936,34871422976
PCAR,Industrials,29531500544,3823399936.0,2690899968,43418900000.0,17506900000.0,15895000000.0,7060800000.0,539500032.0,4717199872,55367041024
PKG,Consumer Cyclical,8771800064,1852700032.0,888200000,8833200000.0,4404000000.0,2771500000.0,685000000.0,368400000.0,1436300032,18361970688
PLTR,Technology,3896163072,875796992.0,1095366016,6340884000.0,5003275000.0,239219000.0,2098524000.0,1180160000.0,1817505024,401489821696
PANW,Technology,9556500480,1382499968.0,1116899968,23576200000.0,7824400000.0,338200000.0,2268600000.0,3034449920.0,3976999936,130045640704
PSKY,Communication Services,28726999040,2678000128.0,-272000000,46172000000.0,16320000000.0,15549000000.0,2661000000.0,15016500224.0,600000000,17672736768
PH,Industrials,20029999104,5207000064.0,3640999936,29494000000.0,13682000000.0,9285000000.0,467000000.0,3098715904.0,3814000128,109043032064
PAYX,Technology,5793200128,2628000000.0,1613699968,16564100000.0,4128000000.0,5022300000.0,1628600000.0,1686925056.0,2073200000,40196579328
PAYC,Technology,2001299968,524500000.0,453200000,5859900000.0,1575900000.0,83400000.0,402000000.0,370201504.0,643200000,9066874880
PYPL,Financial Services,32861999104,6618999808.0,4917000192,81611000000.0,20417000000.0,9879000000.0,6561000000.0,3125625088.0,6425999872,59892674560
PNR,Industrials,4128399872,1080600064.0,654099968,6446500000.0,3562900000.0,1767100000.0,118700000.0,663275008.0,850499968,17252126720
PEP,Consumer Defensive,92365996032,17016000512.0,7223000064,99467000000.0,18041000000.0,44948000000.0,8505000000.0,7137500160.0,11754999808,203636555776
PFE,Healthcare,62784999424,24458999808.0,9797000192,213396000000.0,88203000000.0,63649000000.0,1043000000.0,14302749696.0,13077000192,146350112768
PCG,Utilities,24761999360,9537999872.0,2598000128,133660000000.0,30149000000.0,58343000000.0,940000000.0,-3355624960.0,8688000000,35430318080
PM,Consumer Defensive,39992000512,17959999488.0,8600999936,61784000000.0,-11750000000.0,45695000000.0,4216000000.0,7741749760.0,11525999616,245139456000
PSX,Energy,131953000448,5269100032.0,1496999936,72582000000.0,27408000000.0,20062000000.0,1738000000.0,162437504.0,3408000000,55348858880
PNW,Utilities,5307180032,2029062016.0,594300992,26102760000.0,6754311000.0,11048342000.0,3838000.0,-451426880.0,1767806976,10875069440
PNC,Financial Services,21799000064,,6159000064,560038000000.0,54425000000.0,61673000000.0,46251000000.0,,5426999808,74940940288
POOL,Industrials,5294666240,637102976.0,410089984,3368184000.0,1273465000.0,1271923000.0,77862000.0,293777248.0,456310016,9090666496
PPG,Basic Materials,15690000384,2636999936.0,1271000064,19433000000.0,6785000000.0,6395000000.0,1270000000.0,930499968.0,1400000000,22579027968
PPL,Utilities,8979000320,3420000000.0,1090000000,41069000000.0,14077000000.0,16806000000.0,306000000.0,-1277124992.0,2592000000,27296376832
PFG,Financial Services,15800800256,2175500032.0,1573500032,313663600000.0,11086400000.0,4108000000.0,4211900000.0,1430724992.0,4252000000,18895218688
PG,Consumer Defensive,84933001216,24721999872.0,16472999936,125231000000.0,52012000000.0,35463000000.0,9556000000.0,12200999936.0,18922999808,346766311424
PGR,Financial Services,85165998080,14092999680.0,10712999936,105745000000.0,25591000000.0,6893000000.0,143000000.0,15078200320.0,17386000384,134162448384
PLD,Real Estate,9100544000,6452320256.0,3201500928,95328909000.0,53951138000.0,31494568000.0,1318591000.0,4712527872.0,5185649152,119387275264
PRU,Financial Services,57598001152,3515000064.0,2584000000,735587000000.0,27872000000.0,21570000000.0,18497000000.0,-9646874624.0,5273999872,38097821696
PEG,Utilities,11717999616,4433999872.0,2082000000,54640000000.0,13996000000.0,153000000.0,125000000.0,-380875008.0,2944000000,41689337856
PTC,Technology,2739226112,1110578944.0,733996992,6617172000.0,3826229000.0,1369867000.0,184415000.0,823153024.0,867696000,21015232512
PSA,Real Estate,4795182080,3379439104.0,1693004032,19754934000.0,9712606000.0,9353034000.0,447416000.0,2303450112.0,3221481984,48171614208
PHM,Consumer Cyclical,17622999040,3504635904.0,2630353920,17363763000.0,12121964000.0,2254513000.0,1613327000.0,985862400.0,1667731968,25094279168
PWR,Industrials,27191171072,2462328064.0,1018048000,18683894000.0,7317731000.0,4478957000.0,741960000.0,708255488.0,1814419968,69320990720
QCOM,Technology,44283998208,13996000256.0,5541000192,50143000000.0,21206000000.0,14811000000.0,5520000000.0,6856249856.0,14012000256,181369110528
DGX,Healthcare,10849999872,2140999936.0,963000000,16153000000.0,6778000000.0,7087000000.0,549000000.0,1000875008.0,1884999936,21154756608
RL,Consumer Cyclical,7570599936,1307900032.0,854300032,7047300000.0,2588500000.0,2668100000.0,1922500000.0,512962496.0,1089900032,22275131392
RJF,Financial Services,14014999552,,2127000064,88230000000.0,12503000000.0,4220000000.0,11389000000.0,,2433999872,31211565056
RTX,Industrials,85987999744,14462000128.0,6592000000,162861000000.0,60156000000.0,42893000000.0,5578000000.0,4316125184.0,7962999808,234514432000
O,Real Estate,5614793216,5052203008.0,962116992,68835039000.0,38840738000.0,26757140000.0,444962000.0,2043045248.0,3763282944,52995772416
REG,Real Estate,1576867968,995371008.0,397808000,12391961000.0,6724146000.0,5018169000.0,56283000.0,606015488.0,815129024,13093272576
REGN,Healthcare,14247799808,4348000256.0,4577999872,37759400000.0,29353600000.0,2704400000.0,2488200000.0,3511000064.0,5071000064,82690342912
RF,Financial Services,6944999936,,2055000064,157302000000.0,17879000000.0,6493000000.0,10712000000.0,,2280000000,22709248000
RSG,Industrials,16501999616,5160000000.0,2107000064,32402000000.0,11405000000.0,12957000000.0,74000000.0,1969500032.0,4336999936,67769561088
RMD,Healthcare,5257399808,1938459008.0,1437904000,8174391000.0,5967859000.0,851813000.0,1209450000.0,1379738112.0,1883371008,37342556160
RVTY,Healthcare,2813367040,824412032.0,232495008,12392478000.0,7666874000.0,3325805000.0,1163396000.0,527812640.0,575203008,12119138304
ROK,Industrials,8342000128,1736000000.0,867000000,11219000000.0,3654000000.0,3647000000.0,468000000.0,1287250048.0,1544000000,44508278784
ROL,Consumer Cyclical,3680305920,842540992.0,515939008,2819695000.0,1330593000.0,812528000.0,89630000.0,605310528.0,701521024,29581135872
ROP,Technology,7720999936,3050800128.0,1570200064,31334700000.0,18867600000.0,7669200000.0,188200000.0,2175612416.0,2524499968,48029974528
ROST,Consumer Cyclical,22027347968,3115994112.0,2085963008,14905332000.0,5509195000.0,5682429000.0,4730744000.0,1495496320.0,2787721984,57682157568
RCL,Consumer Cyclical,17436999680,6282999808.0,4065999872,37070000000.0,7563000000.0,20820000000.0,388000000.0,633249984.0,6309000192,72609824768
SPGI,Financial Services,15011999744,7549000192.0,4216999936,60221000000.0,33159000000.0,11933000000.0,1666000000.0,4847499776.0,5642999808,152292802560
CRM,Technology,39502000128,11420000256.0,6663000064,102928000000.0,61173000000.0,11392000000.0,8848000000.0,13898874880.0,13169000448,220396240896
SBAC,Real Estate,2789255936,1815420032.0,856972032,11417336000.0,-5109938000.0,15756194000.0,189841000.0,205137504.0,1297472000,20701995008
SLB,Energy,35247001600,7680000000.0,3644999936,48935000000.0,21130000000.0,12074000000.0,3544000000.0,2153999872.0,5873999872,54139793408
STX,Technology,9557999616,2489999872.0,1712999936,8023000000.0,-453000000.0,4995000000.0,891000000.0,754875008.0,1520000000,60283019264
SRE,Utilities,13710999552,5543000064.0,2108999936,96155000000.0,31242000000.0,35848000000.0,1565000000.0,-23343874048.0,4741000192,61821997056
NOW,Technology,12666999808,2497999872.0,1731000064,20383000000.0,9609000000.0,2278000000.0,2304000000.0,3909874944.0,4840999936,169103949824
SHW,Basic Materials,23275599872,4341499904.0,2571800064,23632600000.0,4051200000.0,11913300000.0,210400000.0,1919149952.0,3293600000,85693366272
SPG,Real Estate,6155274752,4549946880.0,2243237120,32405691000.0,2941925000.0,24784778000.0,1400345000.0,2034491136.0,4018359040,70281216000
SWKS,Technology,4086899968,974700032.0,477100000,7917000000.0,5757100000.0,1203100000.0,1161300000.0,1055275008.0,1300800000,9805430784
SJM,Consumer Defensive,8773199872,1825299968.0,-1193799936,17563300000.0,6082600000.0,7761700000.0,69900000.0,322062496.0,969200000,11115415552
SW,Consumer Cyclical,31138000896,4457999872.0,748000000,43759000000.0,17360000000.0,13595000000.0,855000000.0,1226499968.0,2977999872,18636828672
SNA,Industrials,5115400192,1394000000.0,1014300032,7896800000.0,5394100000.0,1292800000.0,1360500000.0,699225024.0,1107100032,17738153984
SOLV,Healthcare,8401999872,1259000064.0,1524000000,14457000000.0,2959000000.0,8010000000.0,762000000.0,587750016.0,493000000,14788139008
SO,Utilities,28913000448,13813000192.0,4458999808,145180000000.0,33208000000.0,66277000000.0,1070000000.0,-2364624896.0,9377999872,100332683264
LUV,Industrials,27551000576,1684999936.0,379000000,33750000000.0,10350000000.0,8058000000.0,7509000000.0,-13625000.0,2023000064,18281785344
SWK,Industrials,15166300160,1492400000.0,438600000,21848900000.0,8719900000.0,6229600000.0,290500000.0,493750016.0,694600000,11077371904
SBUX,Consumer Cyclical,37184401408,5454499840.0,1856400000,32019700000.0,-8096600000.0,26611500000.0,3219800000.0,1924950016.0,4747500032,99052781568
STT,Financial Services,13626000384,,2756999936,353240000000.0,25326000000.0,33112000000.0,116102000000.0,,-5574000128,33765416960
STLD,Basic Materials,17634670592,1933916032.0,1126855040,14935233000.0,8934287000.0,3231007000.0,589464000.0,-151584752.0,1523693952,24705347584
STE,Healthcare,5702414848,1553245952.0,689324032,10146811000.0,6603405000.0,2202540000.0,171701000.0,968027264.0,1301387008,26226079744
SYK,Healthcare,24380999680,6592000000.0,2943000064,42971000000.0,20634000000.0,13597000000.0,3652000000.0,3544375040.0,4832000000,141948010496
SMCI,Technology,21052575744,987361984.0,792812032,14018429000.0,6301693000.0,4778842000.0,5169911000.0,-1515875.0,333096992,20207472640
SYF,Financial Services,9644999680,,3492000000,119463000000.0,16580000000.0,15462000000.0,14711000000.0,,9749999616,28782370816
SNPS,Technology,6435303936,1311251968.0,1166705024,13073561000.0,8990702000.0,684457000.0,3896532000.0,2632420608.0,1441688064,77644808192
SYY,Consumer Defensive,82033999872,4462000128.0,1814000000,26774000000.0,1830000000.0,14494000000.0,1071000000.0,1612000000.0,2543000064,36489211904
TMUS,Communication Services,85846999040,32562999296.0,11870000128,208035000000.0,61741000000.0,114404000000.0,5409000000.0,7874874880.0,26844999680,235223826432
TROW,Financial Services,7205199872,2803500032.0,2030599936,13472000000.0,10345400000.0,278700000.0,2649800000.0,923412480.0,1490200064,22494445568
TTWO,Communication Services,6219899904,768499968.0,-3997199872,9180700000.0,2137700000.0,4105900000.0,1456100000.0,1480199936.0,357900000,45468528640
TPR,Consumer Cyclical,7207799808,1643699968.0,271400000,6580500000.0,857800000.0,3899200000.0,1100000000.0,867637504.0,1209699968,22621560832
TRGP,Energy,17378099200,4628199936.0,1615299968,22734100000.0,2592400000.0,14265000000.0,157300000.0,-48325000.0,3739800064,37725282304
TGT,Consumer Defensive,105242001408,8659000320.0,3763000064,57769000000.0,14666000000.0,19875000000.0,4762000000.0,2967749888.0,6774000128,41177649152
TEL,Technology,17262000128,4206000128.0,1843000064,25081000000.0,12585000000.0,5820000000.0,1255000000.0,2103874944.0,4139000064,66614321152
TDY,Technology,6005400064,1449600000.0,817699968,14200500000.0,9549400000.0,2649000000.0,649800000.0,664387520.0,1144700032,23452956672
TER,Technology,2859570944,638937024.0,443080000,3708714000.0,2819294000.0,76621000.0,553354000.0,322310016.0,675332992,28933885952
TSLA,Consumer Cyclical,95632998400,10768000000.0,5079000064,122070000000.0,72913000000.0,13623000000.0,16139000000.0,2979249920.0,15747999744,1430667657216
TXN,Technology,17265999872,7815000064.0,5016000000,35509000000.0,16903000000.0,13596000000.0,3200000000.0,-684249984.0,6896999936,152980504576
TPL,Energy,772395008,642948992.0,476390016,1248020000.0,1132465000.0,453000.0,369835000.0,92442376.0,558814016,19860875264
TXT,Industrials,14236999680,1574000000.0,828000000,16838000000.0,7204000000.0,3588000000.0,1441000000.0,727500032.0,1058000000,14819553280
TMO,Healthcare,43735998464,10835000320.0,6569999872,97321000000.0,49585000000.0,31275000000.0,4009000000.0,4696750080.0,7650999808,221979607040
TJX,Consumer Cyclical,58979000320,7900000256.0,5119000064,31749000000.0,8393000000.0,12778000000.0,5335000000.0,3408875008.0,6421000192,169484320768
TKO,Communication Services,2545175040,1053009024.0,228783008,12699936000.0,4091023000.0,3035377000.0,525556000.0,542332032.0,1029259008,15925521408
TTD,Communication Services,2790504960,619692992.0,438583008,6111951000.0,2949145000.0,312215000.0,1369463000.0,543604096.0,880532992,19342581760
TSCO,Consumer Cyclical,15399257088,1974310016.0,1105085952,9805485000.0,2270334000.0,5424448000.0,251491000.0,812693632.0,1827650048,28945948672
TT,Industrials,21051400192,4206899968.0,2950400000,20146700000.0,7457400000.0,4770300000.0,1590100000.0,1928337536.0,2935500032,93785776128
TDG,Industrials,8830999552,4566000128.0,1866000000,22909000000.0,-9686000000.0,30030000000.0,2808000000.0,-2922125056.0,2038000000,76645965824
TRV,Financial Services,48404000768,8375000064.0,5831000064,133189000000.0,27864000000.0,8033000000.0,568000000.0,14582375424.0,9985000448,65932693504
TRMB,Technology,3600900096,778000000.0,357600000,9488300000.0,5745300000.0,1514000000.0,738800000.0,567412480.0,341000000,19375441920
TFC,Financial Services,18279999488,,4913999872,531176000000.0,63679000000.0,52590000000.0,39768000000.0,,3932000000,59958734848
TYL,Technology,2298291968,461080992.0,315292992,5180015000.0,3388422000.0,638368000.0,744721000.0,474560640.0,634433984,20316612608
TSN,Consumer Defensive,54441000960,2828000000.0,474000000,36658000000.0,18085000000.0,8830000000.0,1229000000.0,1187500032.0,2155000064,20494788608
USB,Financial Services,26012999680,,6809999872,678318000000.0,58578000000.0,65626000000.0,56502000000.0,,9900000256,76331089920
UBER,Technology,49609998336,5290999808.0,16640000000,51244000000.0,21558000000.0,11126000000.0,5893000000.0,6787375104.0,8965999616,182557540352
UDR,Real Estate,1742477056,1020492032.0,144932992,10897586000.0,3443205000.0,6009240000.0,1326000.0,912611904.0,882016000,13711730688
ULTA,Consumer Cyclical,11654554624,1861335040.0,1201376000,6001693000.0,2488353000.0,1923234000.0,703201000.0,845920768.0,1296269056,24218042368
UNP,Industrials,24546000896,12469999616.0,7052000256,67715000000.0,16890000000.0,32463000000.0,1016000000.0,4491375104.0,9726999552,137512484864
UAL,Industrials,58368999424,8080000000.0,3294000128,74083000000.0,12675000000.0,33633000000.0,8769000000.0,2282625024.0,9368999936,33008324608
UPS,Industrials,89483001856,11601000448.0,5502000128,70070000000.0,16718000000.0,25652000000.0,6112000000.0,3183124992.0,8463000064,81266860032
URI,Industrials,15985999872,4506999808.0,2529999872,28163000000.0,8622000000.0,14789000000.0,457000000.0,1980625024.0,4982000128,52449677312
UNH,Healthcare,435159007232,29241999360.0,17589000192,298278000000.0,92658000000.0,76904000000.0,25312000000.0,17768749056.0,20957999104,298718396416
UHS,Healthcare,16992502784,2554619904.0,1375251968,14469749000.0,6666207000.0,4955429000.0,125983000.0,839419520.0,1948141056,15504294912
VLO,Energy,116552998912,6253000192.0,1491000064,60143000000.0,24512000000.0,11540000000.0,4657000000.0,3453750016.0,4839000064,54910799872
VTR,Real Estate,5544046080,2111063040.0,238014000,26186906000.0,10771267000.0,13740554000.0,897850000.0,1068934720.0,1548704000,37874556928
VLTO,Industrials,5452000256,1348000000.0,913000000,6406000000.0,2038000000.0,2767000000.0,1101000000.0,856750016.0,1051000000,25132656640
VRSN,Technology,1626700032,1133299968.0,811000000,1406500000.0,-1957900000.0,1801500000.0,206700000.0,794837504.0,1033000000,23538030592
VRSK,Industrials,3029499904,1489699968.0,914700032,4264700000.0,100100000.0,3245800000.0,291200000.0,901662528.0,1348099968,31445651456
VZ,Communication Services,137491005440,50194001920.0,19836999680,384711000000.0,99237000000.0,168357000000.0,4194000000.0,15382375424.0,38455001088,173337247744
VRTX,Healthcare,11723299840,4711799808.0,3675099904,22533200000.0,16409600000.0,1749500000.0,4569600000.0,2913550080.0,3718000128,111173550080
VTRS,Healthcare,14124399616,4037299968.0,-3691300096,41500900000.0,18635500000.0,14305900000.0,734800000.0,2727024896.0,1982800000,12341254144
VICI,Real Estate,3969078016,3668513024.0,2785319936,45368940000.0,26537955000.0,17650085000.0,524615000.0,1279214592.0,2462144000,30803144704
V,Financial Services,40000000000,28028000256.0,19853000704,99627000000.0,37909000000.0,25171000000.0,17164000000.0,20072873984.0,23058999296,649128640512
VST,Utilities,17191000064,5206000128.0,960000000,37770000000.0,5570000000.0,17364000000.0,1188000000.0,1847000064.0,3991000064,60602331136
VMC,Basic Materials,7882200064,2332199936.0,1125200000,17104800000.0,8118600000.0,5828800000.0,559700000.0,931337472.0,1710099968,39274590208
WRB,Financial Services,14654011392,2637189888.0,1905992960,40567268000.0,8395111000.0,2840966000.0,1974747000.0,3519085568.0,3397517056,29523847168
GWW,Industrials,17749999616,2976999936.0,1730000000,8829000000.0,3358000000.0,3183000000.0,1036000000.0,1084375040.0,2048000000,45375102976
WAB,Industrials,10785000448,2324999936.0,1176000000,18702000000.0,10091000000.0,3980000000.0,706000000.0,1084999936.0,1490000000,35653120000
WMT,Consumer Defensive,703060967424,42713001984.0,22909999104,260823000000.0,91013000000.0,60114000000.0,9037000000.0,10394749952.0,40976998400,881915985920
DIS,Communication Services,94424997888,19419000832.0,12403999744,197514000000.0,109869000000.0,44877000000.0,5695000000.0,6932624896.0,18101000192,187830140928
WBD,Communication Services,37862998016,7758000128.0,489000000,104560000000.0,34037000000.0,39505000000.0,5312000000.0,17222625280.0,5230000128,59471388672
WM,Industrials,24783998976,7277000192.0,2564000000,44567000000.0,8252000000.0,23900000000.0,414000000.0,1471250048.0,5856000000,87772643328
WAT,Healthcare,3105637888,1067278016.0,648812992,4553795000.0,1828507000.0,1702342000.0,324421000.0,450262752.0,728140992,24017506304
WEC,Utilities,9547200512,3771899904.0,1694400000,47363200000.0,12425400000.0,20327000000.0,9800000.0,-1424775040.0,3536600064,36455727104
WFC,Financial Services,79072002048,,19971999744,1929845000000.0,179120000000.0,186649000000.0,203361000000.0,,-14218000384,275015434240
WELL,Real Estate,9907853312,3752058880.0,960374976,51044308000.0,31956208000.0,16758356000.0,3506586000.0,-2739590656.0,2786560000,142907228160
WST,Healthcare,3017900032,801400000.0,491700000,3643400000.0,2682300000.0,302300000.0,484600000.0,251187504.0,693800000,19946309632
WDC,Technology,10126000128,2936000000.0,2600999936,14002000000.0,5540000000.0,4711000000.0,2114000000.0,4158874880.0,2328999936,55988793344
WY,Real Estate,7072000000,1020000000.0,331000000,16536000000.0,9721000000.0,5105000000.0,684000000.0,-15875000.0,894000000,16024758272
WSM,Consumer Cyclical,7911904768,1698177024.0,1131134976,5301607000.0,2142419000.0,1347315000.0,1212977000.0,930350528.0,1351443968,21489721344
WMB,Energy,11582000128,6296000000.0,2367000064,54532000000.0,12436000000.0,26937000000.0,60000000.0,485000000.0,5539999744,74408861696
WTW,Financial Services,9806999552,2632000000.0,2116000000,27681000000.0,7940000000.0,5931000000.0,1890000000.0,1958125056.0,1603000064,31312906240
WDAY,Technology,9230999552,1210000000.0,642000000,17977000000.0,9034000000.0,3362000000.0,1543000000.0,2698874880.0,2772999936,57570537472
WYNN,Consumer Cyclical,7110737920,1799508992.0,504278016,12977963000.0,-224161000.0,12165624000.0,2426155000.0,1618356608.0,1353665024,13379698688
XEL,Utilities,14227999744,5693000192.0,1915000064,70035000000.0,19522000000.0,30208000000.0,179000000.0,-5284624896.0,4537999872,48571330560
XYL,Industrials,8894000128,1854000000.0,948000000,16493000000.0,10642000000.0,2125000000.0,1121000000.0,960000000.0,1272999936,34248792064
YUM,Consumer Cyclical,8061000192,2819000064.0,1447000064,6727000000.0,-7648000000.0,12286000000.0,616000000.0,1227624960.0,1906000000,42539192320
ZBRA,Technology,5255000064,974000000.0,512000000,7968000000.0,3586000000.0,2362000000.0,901000000.0,710499968.0,866000000,12804375552
ZBH,Healthcare,8010899968,2640499968.0,805299968,21365300000.0,12468100000.0,6204600000.0,525500000.0,1169887488.0,1686000000,19326664704
ZTS,Healthcare,9397000192,3991000064.0,2651000064,14237000000.0,4770000000.0,6744000000.0,1985000000.0,2158874880.0,2916000000,56807256064
